Symbol,Security,GICS Sector,GICS Sub-Industry,Headquarters Location,Date added,CIK,Founded
MMM,3M,Industrials,Industrial Conglomerates,"Saint Paul, Minnesota",1957-03-04,66740.0,1902
AOS,A. O. Smith,Industrials,Building Products,"Milwaukee, Wisconsin",2017-07-26,91142.0,1916
ABT,Abbott,Health Care,Health Care Equipment,"North Chicago, Illinois",1957-03-04,1800.0,1888
ABBV,AbbVie,Health Care,Pharmaceuticals,"North Chicago, Illinois",2012-12-31,1551152.0,2013 (1888)
ACN,Accenture,Information Technology,IT Consulting & Other Services,"Dublin, Ireland",2011-07-06,1467373.0,1989
ATVI,Activision Blizzard,Communication Services,Interactive Home Entertainment,"Santa Monica, California",2015-08-31,718877.0,2008
ADM,ADM,Consumer Staples,Agricultural Products,"Chicago, Illinois",1957-03-04,7084.0,1902
ADBE,Adobe Inc.,Information Technology,Application Software,"San Jose, California",1997-05-05,796343.0,1982
ADP,ADP,Information Technology,Data Processing & Outsourced Services,"Roseland, New Jersey",1981-03-31,8670.0,1949
AAP,Advance Auto Parts,Consumer Discretionary,Automotive Retail,"Raleigh, North Carolina",2015-07-09,1158449.0,1932
AES,AES Corporation,Utilities,Independent Power Producers & Energy Traders,"Arlington, Virginia",1998-10-02,874761.0,1981
AFL,Aflac,Financials,Life & Health Insurance,"Columbus, Georgia",1999-05-28,4977.0,1955
A,Agilent Technologies,Health Care,Health Care Equipment,"Santa Clara, California",2000-06-05,1090872.0,1999
APD,Air Products and Chemicals,Materials,Industrial Gases,"Allentown, Pennsylvania",1985-04-30,2969.0,1940
AKAM,Akamai,Information Technology,Internet Services & Infrastructure,"Cambridge, Massachusetts",2007-07-12,1086222.0,1998
ALK,Alaska Air Group,Industrials,Airlines,"SeaTac, Washington",2016-05-13,766421.0,1985
ALB,Albemarle Corporation,Materials,Specialty Chemicals,"Charlotte, North Carolina",2016-07-01,915913.0,1994
ARE,Alexandria Real Estate Equities,Real Estate,Office REITs,"Pasadena, California",2017-03-20,1035443.0,1994
ALGN,Align Technology,Health Care,Health Care Supplies,"Tempe, Arizona",2017-06-19,1097149.0,1997
ALLE,Allegion,Industrials,Building Products,"New York City, New York",2013-12-02,1579241.0,1908
LNT,Alliant Energy,Utilities,Electric Utilities,"Madison, Wisconsin",2016-07-01,352541.0,1917
ALL,Allstate,Financials,Property & Casualty Insurance,"Northfield Township, Illinois",1995-07-13,899051.0,1931
GOOGL,Alphabet Inc. (Class A),Communication Services,Interactive Media & Services,"Mountain View, California",2014-04-03,1652044.0,1998
GOOG,Alphabet Inc. (Class C),Communication Services,Interactive Media & Services,"Mountain View, California",2006-04-03,1652044.0,1998
MO,Altria,Consumer Staples,Tobacco,"Richmond, Virginia",1957-03-04,764180.0,1985
AMZN,Amazon,Consumer Discretionary,Internet & Direct Marketing Retail,"Seattle, Washington",2005-11-18,1018724.0,1994
AMCR,Amcor,Materials,Paper Packaging,"Warmley, Bristol, United Kingdom",2019-06-07,1748790.0,2019 (1860)
AMD,AMD,Information Technology,Semiconductors,"Santa Clara, California",2017-03-20,2488.0,1969
AEE,Ameren,Utilities,Multi-Utilities,"St. Louis, Missouri",1991-09-19,1002910.0,1902
AAL,American Airlines Group,Industrials,Airlines,"Fort Worth, Texas",2015-03-23,6201.0,1934
AEP,American Electric Power,Utilities,Electric Utilities,"Columbus, Ohio",1957-03-04,4904.0,1906
AXP,American Express,Financials,Consumer Finance,"New York City, New York",1976-06-30,4962.0,1850
AIG,American International Group,Financials,Property & Casualty Insurance,"New York City, New York",1980-03-31,5272.0,1919
AMT,American Tower,Real Estate,Specialized REITs,"Boston, Massachusetts",2007-11-19,1053507.0,1995
AWK,American Water Works,Utilities,Water Utilities,"Camden, New Jersey",2016-03-04,1410636.0,1886
AMP,Ameriprise Financial,Financials,Asset Management & Custody Banks,"Minneapolis, Minnesota",2005-10-03,820027.0,1894
ABC,AmerisourceBergen,Health Care,Health Care Distributors,"Conshohocken, Pennsylvania",2001-08-30,1140859.0,1985
AME,Ametek,Industrials,Electrical Components & Equipment,"Berwyn, Pennsylvania",2013-09-23,1037868.0,1930
AMGN,Amgen,Health Care,Biotechnology,"Thousand Oaks, California",1992-01-02,318154.0,1980
APH,Amphenol,Information Technology,Electronic Components,"Wallingford, Connecticut",2008-09-30,820313.0,1932
ADI,Analog Devices,Information Technology,Semiconductors,"Wilmington, Massachusetts",1999-10-12,6281.0,1965
ANSS,Ansys,Information Technology,Application Software,"Canonsburg, Pennsylvania",2017-06-19,1013462.0,1969
AON,Aon,Financials,Insurance Brokers,"London, UK",1996-04-23,315293.0,1982 (1919)
APA,APA Corporation,Energy,Oil & Gas Exploration & Production,"Houston, Texas",1997-07-28,1841666.0,1954
AAPL,Apple Inc.,Information Technology,"Technology Hardware, Storage & Peripherals","Cupertino, California",1982-11-30,320193.0,1977
AMAT,Applied Materials,Information Technology,Semiconductor Equipment,"Santa Clara, California",1995-03-16,6951.0,1967
APTV,Aptiv,Consumer Discretionary,Auto Parts & Equipment,"Dublin, Ireland",2012-12-24,1521332.0,1994
ACGL,Arch Capital Group,Financials,Reinsurance,"Hamilton, Bermuda",2022-11-01,947484.0,1995
ANET,Arista Networks,Information Technology,Communications Equipment,"Santa Clara, California",2018-08-28,1596532.0,2004
AJG,Arthur J. Gallagher & Co.,Financials,Insurance Brokers,"Rolling Meadows, Illinois",2016-05-31,354190.0,1927
AIZ,Assurant,Financials,Multi-line Insurance,"New York City, New York",2007-04-10,1267238.0,1892
T,AT&T,Communication Services,Integrated Telecommunication Services,"Dallas, Texas",1983-11-30,732717.0,1983 (1885)
ATO,Atmos Energy,Utilities,Gas Utilities,"Dallas, Texas",2019-02-15,731802.0,1906
ADSK,Autodesk,Information Technology,Application Software,"San Francisco, California",1989-12-01,769397.0,1982
AZO,AutoZone,Consumer Discretionary,Specialty Stores,"Memphis, Tennessee",1997-01-02,866787.0,1979
AVB,AvalonBay Communities,Real Estate,Residential REITs,"Arlington, Virginia",2007-01-10,915912.0,1978
AVY,Avery Dennison,Materials,Paper Packaging,"Glendale, California",1987-12-31,8818.0,1990
BKR,Baker Hughes,Energy,Oil & Gas Equipment & Services,"Houston, Texas",2017-07-07,1701605.0,2017
BALL,Ball Corporation,Materials,Metal & Glass Containers,"Broomfield, Colorado",1984-10-31,9389.0,1880
BAC,Bank of America,Financials,Diversified Banks,"Charlotte, North Carolina",1976-06-30,70858.0,1998 (1923 / 1874)
BBWI,"Bath & Body Works, Inc.",Consumer Discretionary,Specialty Stores,"Columbus, Ohio",1983-09-30,701985.0,1963
BAX,Baxter International,Health Care,Health Care Equipment,"Deerfield, Illinois",1972-09-30,10456.0,1931
BDX,Becton Dickinson,Health Care,Health Care Equipment,"Franklin Lakes, New Jersey",1972-09-30,10795.0,1897
WRB,Berkley,Financials,Property & Casualty Insurance,"Greenwich, Connecticut",2019-12-05,11544.0,1967
BRK.B,Berkshire Hathaway,Financials,Multi-Sector Holdings,"Omaha, Nebraska",2010-02-16,1067983.0,1839
BBY,Best Buy,Consumer Discretionary,Computer & Electronics Retail,"Richfield, Minnesota",1999-06-29,764478.0,1966
BIO,Bio-Rad,Health Care,Life Sciences Tools & Services,"Hercules, California",2020-06-22,12208.0,1952
TECH,Bio-Techne,Health Care,Life Sciences Tools & Services,"Minneapolis, Minnesota",2021-08-30,842023.0,1976
BIIB,Biogen,Health Care,Biotechnology,"Cambridge, Massachusetts",2003-11-13,875045.0,1978
BLK,BlackRock,Financials,Asset Management & Custody Banks,"New York City, New York",2011-04-04,1364742.0,1988
BK,BNY Mellon,Financials,Asset Management & Custody Banks,"New York City, New York",1995-03-31,1390777.0,1784
BA,Boeing,Industrials,Aerospace & Defense,"Chicago, Illinois",1957-03-04,12927.0,1916
BKNG,Booking Holdings,Consumer Discretionary,Internet & Direct Marketing Retail,"Norwalk, Connecticut",2009-11-06,1075531.0,1996
BWA,BorgWarner,Consumer Discretionary,Auto Parts & Equipment,"Auburn Hills, Michigan",2011-12-19,908255.0,1880
BXP,Boston Properties,Real Estate,Office REITs,"Boston, Massachusetts",2006-04-03,1037540.0,1970
BSX,Boston Scientific,Health Care,Health Care Equipment,"Marlborough, Massachusetts",1995-02-24,885725.0,1979
BMY,Bristol Myers Squibb,Health Care,Pharmaceuticals,"New York City, New York",1957-03-04,14272.0,1989 (1887)
AVGO,Broadcom Inc.,Information Technology,Semiconductors,"San Jose, California",2014-05-08,1730168.0,1961
BR,Broadridge Financial Solutions,Information Technology,Data Processing & Outsourced Services,"Lake Success, New York",2018-06-18,1383312.0,1962
BRO,Brown & Brown,Financials,Insurance Brokers,"Daytona Beach, Florida",2021-09-20,79282.0,1939
BF.B,Brown–Forman,Consumer Staples,Distillers & Vintners,"Louisville, Kentucky",1982-10-31,14693.0,1870
BG,Bunge Limited,Consumer Staples,Agricultural Products,"Chesterfield, Missouri",2023-03-15,1144519.0,1818
CHRW,C.H. Robinson,Industrials,Air Freight & Logistics,"Eden Prairie, Minnesota",2007-03-02,1043277.0,1905
CDNS,Cadence Design Systems,Information Technology,Application Software,"San Jose, California",2017-09-18,813672.0,1988
CZR,Caesars Entertainment,Consumer Discretionary,Casinos & Gaming,"Reno, Nevada",2021-03-22,1590895.0,1973
CPT,Camden Property Trust,Real Estate,Residential REITs,"Houston, Texas",2022-04-04,906345.0,1981
CPB,Campbell Soup Company,Consumer Staples,Packaged Foods & Meats,"Camden, New Jersey",1957-03-04,16732.0,1869
COF,Capital One,Financials,Consumer Finance,"Tysons Corner, Virginia",1998-07-01,927628.0,1994
CAH,Cardinal Health,Health Care,Health Care Distributors,"Dublin, Ohio",1997-05-27,721371.0,1971
KMX,CarMax,Consumer Discretionary,Automotive Retail,"Richmond, Virginia",2010-06-28,1170010.0,1993
CCL,Carnival,Consumer Discretionary,"Hotels, Resorts & Cruise Lines","Miami, Florida",1998-12-22,815097.0,1972
CARR,Carrier Global,Industrials,Building Products,"Palm Beach Gardens, Florida",2020-04-03,1783180.0,2020 (1915)
CTLT,Catalent,Health Care,Pharmaceuticals,"Somerset, New Jersey",2020-09-21,1596783.0,2007
CAT,Caterpillar Inc.,Industrials,Construction Machinery & Heavy Trucks,"Irving, Texas",1957-03-04,18230.0,1925
CBOE,Cboe Global Markets,Financials,Financial Exchanges & Data,"Chicago, Illinois",2017-03-01,1374310.0,1973
CBRE,CBRE Group,Real Estate,Real Estate Services,"Dallas, Texas",2006-11-10,1138118.0,1906
CDW,CDW,Information Technology,Technology Distributors,"Lincolnshire, Illinois",2019-09-23,1402057.0,1984
CE,Celanese,Materials,Specialty Chemicals,"Irving, Texas",2018-12-24,1306830.0,1918
CNC,Centene Corporation,Health Care,Managed Health Care,"St. Louis, Missouri",2016-03-30,1071739.0,1984
CNP,CenterPoint Energy,Utilities,Multi-Utilities,"Houston, Texas",1985-07-31,1130310.0,1882
CDAY,Ceridian,Information Technology,Application Software,"Minneapolis, Minnesota",2021-09-20,1725057.0,1992
CF,CF Industries,Materials,Fertilizers & Agricultural Chemicals,"Deerfield, Illinois",2008-08-27,1324404.0,1946
CRL,Charles River Laboratories,Health Care,Life Sciences Tools & Services,"Wilmington, Massachusetts",2021-05-14,1100682.0,1947
SCHW,Charles Schwab Corporation,Financials,Investment Banking & Brokerage,"Westlake, Texas",1997-06-02,316709.0,1971
CHTR,Charter Communications,Communication Services,Cable & Satellite,"Stamford, Connecticut",2016-09-08,1091667.0,1993
CVX,Chevron Corporation,Energy,Integrated Oil & Gas,"San Ramon, California",1957-03-04,93410.0,1879
CMG,Chipotle Mexican Grill,Consumer Discretionary,Restaurants,"Newport Beach, California",2011-04-28,1058090.0,1993
CB,Chubb Limited,Financials,Property & Casualty Insurance,"Zurich, Switzerland",2010-07-15,896159.0,1985
CHD,Church & Dwight,Consumer Staples,Household Products,"Ewing, New Jersey",2015-12-29,313927.0,1847
CI,Cigna,Health Care,Managed Health Care,"Bloomfield, Connecticut",1976-06-30,1739940.0,1982
CINF,Cincinnati Financial,Financials,Property & Casualty Insurance,"Fairfield, Ohio",1997-12-18,20286.0,1950
CTAS,Cintas,Industrials,Diversified Support Services,"Mason, Ohio",2001-03-01,723254.0,1929
CSCO,Cisco,Information Technology,Communications Equipment,"San Jose, California",1993-12-01,858877.0,1984
C,Citigroup,Financials,Diversified Banks,"New York City, New York",1988-05-31,831001.0,1998
CFG,Citizens Financial Group,Financials,Regional Banks,"Providence, Rhode Island",2016-01-29,759944.0,1828
CLX,Clorox,Consumer Staples,Household Products,"Oakland, California",1969-03-31,21076.0,1913
CME,CME Group,Financials,Financial Exchanges & Data,"Chicago, Illinois",2006-08-11,1156375.0,1848
CMS,CMS Energy,Utilities,Multi-Utilities,"Jackson, Michigan",1957-03-04,811156.0,1886
KO,Coca-Cola Company (The),Consumer Staples,Soft Drinks,"Atlanta, Georgia",1957-03-04,21344.0,1886
CTSH,Cognizant,Information Technology,IT Consulting & Other Services,"Teaneck, New Jersey",2006-11-17,1058290.0,1994
CL,Colgate-Palmolive,Consumer Staples,Household Products,"New York City, New York",1957-03-04,21665.0,1806
CMCSA,Comcast,Communication Services,Cable & Satellite,"Philadelphia, Pennsylvania",2002-11-19,1166691.0,1963
CMA,Comerica,Financials,Diversified Banks,"Dallas, Texas",1995-12-01,28412.0,1849
CAG,Conagra Brands,Consumer Staples,Packaged Foods & Meats,"Chicago, Illinois",1983-08-31,23217.0,1919
COP,ConocoPhillips,Energy,Oil & Gas Exploration & Production,"Houston, Texas",1957-03-04,1163165.0,2002
ED,Consolidated Edison,Utilities,Electric Utilities,"New York City, New York",1957-03-04,1047862.0,1823
STZ,Constellation Brands,Consumer Staples,Distillers & Vintners,"Victor, New York",2005-07-01,16918.0,1945
CEG,Constellation Energy,Utilities,Multi-Utilities,"Baltimore, Maryland",2022-02-02,1868275.0,1999
COO,CooperCompanies,Health Care,Health Care Supplies,"San Ramon, California",2016-09-23,711404.0,1958
CPRT,Copart,Industrials,Diversified Support Services,"Dallas, Texas",2018-07-02,900075.0,1982
GLW,Corning Inc.,Information Technology,Electronic Components,"Corning, New York",1995-02-27,24741.0,1851
CTVA,Corteva,Materials,Fertilizers & Agricultural Chemicals,"Indianapolis, Indiana",2019-06-03,1755672.0,2019
CSGP,CoStar Group,Industrials,Research & Consulting Services,"Washington, D.C.",2022-09-19,1057352.0,1987
COST,Costco,Consumer Staples,Hypermarkets & Super Centers,"Issaquah, Washington",1993-10-01,909832.0,1976
CTRA,Coterra,Energy,Oil & Gas Exploration & Production,"Houston, Texas",2008-06-23,858470.0,2021 (1989)
CCI,Crown Castle,Real Estate,Specialized REITs,"Houston, Texas",2012-03-14,1051470.0,1994
CSX,CSX,Industrials,Railroads,"Jacksonville, Florida",1957-03-04,277948.0,1980
CMI,Cummins,Industrials,Industrial Machinery,"Columbus, Indiana",1965-03-31,26172.0,1919
CVS,CVS Health,Health Care,Health Care Services,"Woonsocket, Rhode Island",1957-03-04,64803.0,1996
DHI,D.R. Horton,Consumer Discretionary,Homebuilding,"Arlington, Texas",2005-06-22,882184.0,1978
DHR,Danaher Corporation,Health Care,Health Care Equipment,"Washington, D.C.",1998-11-18,313616.0,1969
DRI,Darden Restaurants,Consumer Discretionary,Restaurants,"Orlando, Florida",1995-05-31,940944.0,1938
DVA,DaVita Inc.,Health Care,Health Care Facilities,"Denver, Colorado",2008-07-31,927066.0,1979
DE,John Deere,Industrials,Agricultural & Farm Machinery,"Moline, Illinois",1957-03-04,315189.0,1837
DAL,Delta Air Lines,Industrials,Airlines,"Atlanta, Georgia",2013-09-11,27904.0,1929
XRAY,Dentsply Sirona,Health Care,Health Care Supplies,"Charlotte, North Carolina",2008-11-14,818479.0,2016 (1969)
DVN,Devon Energy,Energy,Oil & Gas Exploration & Production,"Oklahoma City, Oklahoma",2000-08-30,1090012.0,1971
DXCM,Dexcom,Health Care,Health Care Equipment,"San Diego, California",2020-05-12,1093557.0,1999
FANG,Diamondback Energy,Energy,Oil & Gas Exploration & Production,"Midland, Texas",2018-12-03,1539838.0,2007
DLR,Digital Realty,Real Estate,Specialized REITs,"Austin, Texas",2016-05-18,1297996.0,2004
DFS,Discover Financial,Financials,Consumer Finance,"Riverwoods, Illinois",2007-07-02,1393612.0,1985
DISH,Dish Network,Communication Services,Cable & Satellite,"Meridian, Colorado",2017-03-13,1001082.0,1980
DIS,Disney,Communication Services,Movies & Entertainment,"Burbank, California",1976-06-30,1744489.0,1923
DG,Dollar General,Consumer Discretionary,General Merchandise Stores,"Goodlettsville, Tennessee",2012-12-03,29534.0,1939
DLTR,Dollar Tree,Consumer Discretionary,General Merchandise Stores,"Chesapeake, Virginia",2011-12-19,935703.0,1986
D,Dominion Energy,Utilities,Electric Utilities,"Richmond, Virginia",,715957.0,1983
DPZ,Domino's,Consumer Discretionary,Restaurants,"Ann Arbor, Michigan",2020-05-12,1286681.0,1960
DOV,Dover Corporation,Industrials,Industrial Machinery,"Downers Grove, Illinois",1985-10-31,29905.0,1955
DOW,Dow Inc.,Materials,Commodity Chemicals,"Midland, Michigan",2019-04-01,1751788.0,2019
DTE,DTE Energy,Utilities,Multi-Utilities,"Detroit, Michigan",1957-03-04,936340.0,1995
DUK,Duke Energy,Utilities,Electric Utilities,"Charlotte, North Carolina",1976-06-30,1326160.0,1904
DD,DuPont,Materials,Specialty Chemicals,"Wilmington, Delaware",2019-04-02,1666700.0,2017
DXC,DXC Technology,Information Technology,IT Consulting & Other Services,"Tysons Corner, Virginia",2017-04-04,1688568.0,2017
EMN,Eastman Chemical Company,Materials,Diversified Chemicals,"Kingsport, Tennessee",1994-01-01,915389.0,1920
ETN,Eaton Corporation,Industrials,Electrical Components & Equipment,"Dublin, Ireland",1957-03-04,1551182.0,1911
EBAY,eBay,Consumer Discretionary,Internet & Direct Marketing Retail,"San Jose, California",2002-07-22,1065088.0,1995
ECL,Ecolab,Materials,Specialty Chemicals,"Saint Paul, Minnesota",1989-01-31,31462.0,1923
EIX,Edison International,Utilities,Electric Utilities,"Rosemead, California",1957-03-04,827052.0,1886
EW,Edwards Lifesciences,Health Care,Health Care Equipment,"Irvine, California",2011-04-01,1099800.0,1958
EA,Electronic Arts,Communication Services,Interactive Home Entertainment,"Redwood City, California",2002-07-22,712515.0,1982
ELV,Elevance Health,Health Care,Managed Health Care,"Indianapolis, Indiana",2002-07-25,1156039.0,2014 (1946)
LLY,Eli Lilly and Company,Health Care,Pharmaceuticals,"Indianapolis, Indiana",1970-12-31,59478.0,1876
EMR,Emerson Electric,Industrials,Electrical Components & Equipment,"Ferguson, Missouri",1965-03-31,32604.0,1890
ENPH,Enphase,Information Technology,Electronic Components,"Fremont, California",2021-01-07,1463101.0,2006
ETR,Entergy,Utilities,Electric Utilities,"New Orleans, Louisiana",1957-03-04,65984.0,1913
EOG,EOG Resources,Energy,Oil & Gas Exploration & Production,"Houston, Texas",2000-11-02,821189.0,1999
EPAM,EPAM Systems,Information Technology,IT Consulting & Other Services,"Newtown, Pennsylvania",2021-12-14,1352010.0,1993
EQT,EQT,Energy,Oil & Gas Exploration & Production,"Pittsburgh, Pennsylvania",2022-10-03,33213.0,1888
EFX,Equifax,Industrials,Research & Consulting Services,"Atlanta, Georgia",1997-06-19,33185.0,1899
EQIX,Equinix,Real Estate,Specialized REITs,"Redwood City, California",2015-03-20,1101239.0,1998
EQR,Equity Residential,Real Estate,Residential REITs,"Chicago, Illinois",2001-12-03,906107.0,1969
ESS,Essex Property Trust,Real Estate,Residential REITs,"San Mateo, California",2014-04-02,920522.0,1971
EL,Estée Lauder Companies (The),Consumer Staples,Personal Products,"New York City, New York",2006-01-05,1001250.0,1946
ETSY,Etsy,Consumer Discretionary,Internet & Direct Marketing Retail,"New York City, New York",2020-09-21,1370637.0,2005
RE,Everest Re,Financials,Reinsurance,"Hamilton, Bermuda",2017-06-19,1095073.0,1973
EVRG,Evergy,Utilities,Electric Utilities,"Kansas City, Missouri",2018-06-05,1711269.0,1909
ES,Eversource,Utilities,Multi-Utilities,"Hartford, Connecticut",2009,72741.0,1966
EXC,Exelon,Utilities,Multi-Utilities,"Chicago, Illinois",1957-03-04,1109357.0,2000
EXPE,Expedia Group,Consumer Discretionary,Internet & Direct Marketing Retail,"Seattle, Washington",2007-10-02,1324424.0,1996
EXPD,Expeditors International,Industrials,Air Freight & Logistics,"Seattle, Washington",2007-10-10,746515.0,1979
EXR,Extra Space Storage,Real Estate,Specialized REITs,"Salt Lake City, Utah",2016-01-19,1289490.0,1977
XOM,ExxonMobil,Energy,Integrated Oil & Gas,"Irving, Texas",1957-03-04,34088.0,1999
FFIV,"F5, Inc.",Information Technology,Communications Equipment,"Seattle, Washington",2010-12-20,1048695.0,1996
FDS,FactSet,Financials,Financial Exchanges & Data,"Norwalk, Connecticut",2021-12-20,1013237.0,1978
FICO,Fair Isaac,Information Technology,Application Software,"Bozeman, Montana",2023-03-20,814547.0,1956
FAST,Fastenal,Industrials,Building Products,"Winona, Minnesota",2008-09-15,815556.0,1967
FRT,Federal Realty,Real Estate,Retail REITs,"Rockville, Maryland",2016-02-01,34903.0,1962
FDX,FedEx,Industrials,Air Freight & Logistics,"Memphis, Tennessee",1980-12-31,1048911.0,1971
FITB,Fifth Third Bank,Financials,Regional Banks,"Cincinnati, Ohio",1996-03-29,35527.0,1858
FRC,First Republic Bank,Financials,Regional Banks,"San Francisco, California",2019-01-02,1132979.0,1985
FSLR,First Solar,Information Technology,Semiconductors,"Tempe, Arizona",2022-12-19,1274494.0,1999
FE,FirstEnergy,Utilities,Electric Utilities,"Akron, Ohio",1997-11-28,1031296.0,1997
FIS,FIS,Information Technology,Data Processing & Outsourced Services,"Jacksonville, Florida",2006-11-10,1136893.0,1968
FISV,Fiserv,Information Technology,Data Processing & Outsourced Services,"Brookfield, Wisconsin",2001-04-02,798354.0,1984
FLT,Fleetcor,Information Technology,Data Processing & Outsourced Services,"Atlanta, Georgia",2018-06-20,1175454.0,2000
FMC,FMC Corporation,Materials,Fertilizers & Agricultural Chemicals,"Philadelphia, Pennsylvania",2009-08-19,37785.0,1883
F,Ford Motor Company,Consumer Discretionary,Automobile Manufacturers,"Dearborn, Michigan",1957-03-04,37996.0,1903
FTNT,Fortinet,Information Technology,Systems Software,"Sunnyvale, California",2018-10-11,1262039.0,2000
FTV,Fortive,Industrials,Industrial Machinery,"Everett, Washington",2016-07-01,1659166.0,2016
FOXA,Fox Corporation (Class A),Communication Services,Movies & Entertainment,"New York City, New York",2013-07-01,1754301.0,2019
FOX,Fox Corporation (Class B),Communication Services,Movies & Entertainment,"New York City, New York",2015-09-18,1754301.0,2019
BEN,Franklin Templeton,Financials,Asset Management & Custody Banks,"San Mateo, California",1998-04-30,38777.0,1947
FCX,Freeport-McMoRan,Materials,Copper,"Phoenix, Arizona",,831259.0,1912
GRMN,Garmin,Consumer Discretionary,Consumer Electronics,"Schaffhausen, Switzerland",2012-12-12,1121788.0,1989
IT,Gartner,Information Technology,IT Consulting & Other Services,"Stamford, Connecticut",2017-04-05,749251.0,1979
GEHC,GE HealthCare,Health Care,Health Care Technology,"Chicago, Illinois",2023-01-04,1932393.0,1994
GEN,Gen Digital,Information Technology,Application Software,"Tempe, Arizona",2003-03-25,849399.0,1982
GNRC,Generac,Industrials,Electrical Components & Equipment,"Waukesha, Wisconsin",2021-03-22,1474735.0,1959
GD,General Dynamics,Industrials,Aerospace & Defense,"Falls Church, Virginia",1957-03-04,40533.0,1899
GE,General Electric,Industrials,Industrial Conglomerates,"Boston, Massachusetts",1957-03-04,40545.0,1892
GIS,General Mills,Consumer Staples,Packaged Foods & Meats,"Golden Valley, Minnesota",1957-03-04,40704.0,1856
GM,General Motors,Consumer Discretionary,Automobile Manufacturers,"Detroit, Michigan",2013-06-06,1467858.0,1908
GPC,Genuine Parts Company,Consumer Discretionary,Specialty Stores,"Atlanta, Georgia",1973-12-31,40987.0,1925
GILD,Gilead Sciences,Health Care,Biotechnology,"Foster City, California",2004-07-01,882095.0,1987
GL,Globe Life,Financials,Life & Health Insurance,"McKinney, Texas",1989-04-30,320335.0,1900
GPN,Global Payments,Information Technology,Data Processing & Outsourced Services,"Atlanta, Georgia",2016-04-25,1123360.0,2000
GS,Goldman Sachs,Financials,Investment Banking & Brokerage,"New York City, New York",2002-07-22,886982.0,1869
HAL,Halliburton,Energy,Oil & Gas Equipment & Services,"Houston, Texas",1957-03-04,45012.0,1919
HIG,Hartford (The),Financials,Property & Casualty Insurance,"Hartford, Connecticut",1957-03-04,874766.0,1810
HAS,Hasbro,Consumer Discretionary,Leisure Products,"Pawtucket, Rhode Island",1984-09-30,46080.0,1923
HCA,HCA Healthcare,Health Care,Health Care Facilities,"Nashville, Tennessee",2015-01-27,860730.0,1968
PEAK,Healthpeak,Real Estate,Health Care REITs,"Long Beach, California",2008-03-31,765880.0,1985
HSIC,Henry Schein,Health Care,Health Care Distributors,"Melville, New York",2015-03-17,1000228.0,1932
HSY,Hershey's,Consumer Staples,Packaged Foods & Meats,"Hershey, Pennsylvania",1957-03-04,47111.0,1894
HES,Hess Corporation,Energy,Integrated Oil & Gas,"New York City, New York",1984-05-31,4447.0,1919
,,,,,,,
